"Curse, The (a.k.a. The Farm)"
Boy Eating the Bird's Food (To agori troei to fagito tou pouliou)
"Wonderful Ice Cream Suit, The"
Northwest
Man Bites Dog (C'est arrivé près de chez vous)
King's Faith
Movie 43
"Belly of an Architect, The"
Project A 2 ('A' gai wak juk jap)
Toward the Unknown
Southland Tales
Colombiana
Until the Light Takes Us
"Debt, The"
At Play in the Fields of the Lord
10 MPH
Breathing Room
Hellzapoppin'
Nob Hill
Pulling John
La Putain du roi
"Lord of the Rings: The Return of the King, The"
Army Brats (Schatjes!)
"Sugarland Express, The"
The Day That Lasted 21 Years
Brown Sugar
"Man Called Adam, A"
Off Beat
Cooking with Stella
Suicide Kings
"Few Best Men, A"
Songwriter
Exorcist: The Beginning
Kanak Attack
Doc of the Dead
Asier ETA biok
Industrial Symphony No. 1: The Dream of the Brokenhearted
Crimes of the Future
Spies (Spione)
"Turn Me On, Dammit! (Få meg på, for faen)"
Escuela de seducción
Twin Peaks: Fire Walk with Me
Becoming Jane
In the Line of Fire
His Brother (Son frère)
C.H.U.D. II - Bud the Chud
La Bande du drugstore
Crossing Delancey
Wishmaster
Wild Love
Dead Ahead: The Exxon Valdez Disaster
Monsieur Ibrahim (Monsieur Ibrahim et les fleurs du Coran)
Divorce - Italian Style (Divorzio all'italiana)
"Dam Busters, The"
Azur & Asmar (Azur et Asmar)
The Chumscrubber
"Diary of Anne Frank, The"
The Hearse
Talking About Sex
Folks!
Tora-san's Rise and Fall (Otoko wa tsurai yo: Torajiro aiaigasa)
Pearl Jam: Immagine in Cornice - Live in Italy 2006
"One-Armed Swordsman, The (Dubei dao)"
Mon Oncle Antoine
Scooby-Doo! Curse of the Lake Monster
"Godless Girl, The"
Godzilla
"Boys of Baraka, The"
Parade
"Magic of Méliès, The (magie Méliès, La)"
Árido Movie
Special
Let No Man Write My Epitaph
Crazy Horse
Land of Plenty (Angst and Alienation in America)
Big Trouble in Little China
Beethoven's 5th
"Grand Budapest Hotel, The"
Shoot 'Em Up
Come Out and Play
Summer of '62 (Cartouches gauloises)
Tarzan and the Lost City
K-19: The Widowmaker
Don't Be a Menace to South Central While Drinking Your Juice in the Hood
Eureka (Yurîka)
Marjorie Morningstar
"Bill Cosby, Himself"
Gacy
Killer Holiday
"Bête humaine, La"
Child's Play 2
Confessions of a Dangerous Mind
In Darkness
"Alibi, The (Lies and Alibis)"
"Goodbye, Mr. Chips"
Cloak & Dagger
Seed
Louie Bluie
Better Than Sex
School Ties
Le crocodile du Botswanga
8th Wonderland
"Ronde, La"
Sleepover
Benji: Off the Leash!
Rebirth of Mothra
Jerry Springer: The Opera
Amber Lake
Pushing Tin
"Children of Noisy Village, The (a.k.a Children of Bullerby Village, The) (Alla vi barn i Bullerbyn)"
More Than a Game
"Visiteurs du soir, Les (Devil's Envoys, The)"
Marvel One-Shot: Item 47
All Access
Ghetto (Vilniaus Getas)
"Last Witness, The"
Legend of the Boneknapper Dragon
Buck
ID:A
Beautiful Boy
I Am Ali
When Will I Be Loved
Slasher
"So Normal (Normais, Os)"
Star Wars: Episode IV - A New Hope
Smart People
Drums Along the Mohawk
Jacques Brel Is Alive and Well and Living in Paris
Unexpected
Inquire Within
Dutch
"Lone Ranger, The"
Excess Baggage
Seven Samurai (Shichinin no samurai)
Bride Flight
Scourge
Song of the Bloodred Flower (Laulu tulipunaisesta kukasta)
Thirty Day Princess
Cheerleader Massacre
A Husband of Round Trip
Phar Lap
"Warrior's Way, The"
Fun with Dick and Jane
Piglet's Big Movie
"Greatest Story Ever Told, The"
Eyes of Laura Mars
"Me Too (Yo, también)"
Kids World
Johnny Express
"Goodbye, 20th Century"
D-War (Dragon Wars)
Ladies in Retirement
Crystal Lake Memories: The Complete History of Friday the 13th
Wild Strawberries (Smultronstället)
Supermensch: The Legend of Shep Gordon
"Art of the Steal, The"
All Over Me
Attack from Space
Voyage of the Damned
Dead Ahead: The Exxon Valdez Disaster
"Road to El Dorado, The"
Flower & Garnet
Jönssonligan & den svarta diamanten
Insignificance
Land of Milk and Honey (Pays de cocagne)
Rain
Singles
Resurrection
Stratosphere Girl
Kill Switch
Melody
Picture Perfect
Tell It to the Marines
Closet Land
Le crocodile du Botswanga
Stuart Little
Ace Ventura: When Nature Calls
The Christmas Wish
Rent-a-Kid
Bliss
